"","S1","S2","S3","S4","S10","S11","S12","S13","S40","S41","S42","S43","S44","S45","S46","S47","S48","S49","S50","S51","S52","S53","S54","S55","S56","S57","S58","S59","S60","S61","S62","S63","S64","S65","S66","S67","S68","S33","S29","S30","S31","S32","S34","S35","S36","S37","S38","S39","S19","S28","S20","S21","S22","S23","S24","S25","S26","S27","S9","S5","S6","S7","S8","S14","S15","S16","S17","S18"
"Bacteria;Firmicutes;Clostridia;Clostridiales;Ruminococcaceae;Ruminiclostridium_9",1860,1152,2496,1630,1180,2067,1726,1477,987,1914,1619,496,732,1361,1099,1854,1116,864,1178,820,1382,701,1118,1080,2508,1644,726,313,576,593,1150,857,461,497,756,810,868,0,0,0,0,0,0,0,0,0,0,0,0,0,0,0,0,0,0,0,0,0,1428,2156,1720,2247,1819,1735,2511,1567,1583,2799
"Bacteria;Proteobacteria;Gammaproteobacteria;Betaproteobacteriales;Burkholderiaceae;Burkholderia-Caballeronia-Paraburkholderia",0,0,0,0,0,0,0,0,0,0,0,0,0,0,0,0,0,0,0,0,0,0,0,0,0,0,0,0,0,0,0,0,0,0,0,0,0,0,0,0,0,0,0,0,0,7,0,0,0,0,0,0,0,0,0,0,0,0,0,0,0,0,0,0,0,0,0,0
"Bacteria;Firmicutes;Clostridia;Clostridiales;Lachnospiraceae;Acetatifactor",234,138,351,422,624,1339,918,747,242,1854,1482,475,822,381,514,154,106,138,579,390,394,310,506,646,1814,661,384,324,802,629,320,696,223,481,285,229,1112,0,0,0,0,0,0,0,0,0,0,0,0,0,0,0,0,0,0,0,0,0,486,441,1472,854,1865,1311,1635,563,1422,824
"Bacteria;Firmicutes;Bacilli;Lactobacillales;Leuconostocaceae;Weissella",0,0,0,0,0,0,0,0,0,0,0,0,0,0,0,0,0,0,5,0,0,0,0,0,0,0,0,0,0,0,0,0,0,0,0,0,3,0,0,5,0,0,0,0,0,0,0,0,0,0,0,0,0,0,0,3,0,0,0,0,0,0,0,0,0,0,0,0
"Bacteria;Firmicutes;Clostridia;Clostridiales;Peptococcaceae;Peptococcus",0,0,0,0,0,0,0,0,0,0,0,0,0,0,0,0,0,0,0,0,0,0,0,0,0,0,0,0,0,0,0,0,0,6,19,0,12,0,0,0,0,0,0,0,0,0,0,0,0,0,0,0,0,0,0,0,0,0,23,28,26,21,48,54,66,32,71,18
"Bacteria;Proteobacteria;Alphaproteobacteria;Rhizobiales;Rhizobiaceae;Ochrobactrum",0,0,0,0,0,0,0,0,0,0,0,0,0,0,0,0,0,0,0,0,0,0,0,0,0,0,0,0,0,0,0,0,0,0,0,0,0,0,0,0,0,0,0,0,0,0,0,0,0,0,0,0,0,0,0,0,0,0,0,6,0,0,0,0,0,0,0,0
"Bacteria;Actinobacteria;Actinobacteria;Streptosporangiales;Thermomonosporaceae;Thermobispora",0,0,0,0,0,0,0,0,0,0,0,0,0,0,0,0,0,0,0,0,0,0,0,0,0,0,3,0,0,0,0,0,0,0,0,0,0,0,0,0,0,0,0,0,0,0,0,0,0,0,0,0,0,0,0,0,0,0,0,0,0,0,0,0,0,0,0,0
"Bacteria;Firmicutes;Clostridia;Clostridiales;Clostridiaceae_1;NA",0,0,0,0,0,0,0,0,0,0,6,0,0,6,0,0,0,0,14,0,0,0,0,0,0,0,0,0,0,0,0,0,0,0,0,2,0,0,0,0,0,0,0,0,0,0,0,0,0,0,0,0,0,0,0,0,0,0,0,0,0,0,0,0,0,0,0,0
"Bacteria;Firmicutes;Clostridia;Clostridiales;Ruminococcaceae;Angelakisella",235,202,538,401,361,390,624,429,34,123,159,59,68,333,313,131,200,95,117,82,181,74,110,69,275,101,166,58,121,94,123,90,107,68,122,151,186,0,0,0,0,0,0,0,0,0,0,0,0,0,0,0,0,0,0,0,0,0,130,145,55,282,19,34,40,69,21,87
"Bacteria;Proteobacteria;Gammaproteobacteria;Betaproteobacteriales;Burkholderiaceae;Parasutterella",229,693,493,614,509,314,913,498,1156,389,463,567,1467,689,343,162,437,476,406,617,1017,1070,658,3470,12,795,821,3873,1009,640,413,597,1016,1166,1522,216,369,0,0,0,5,0,0,0,0,0,0,0,0,0,0,0,0,0,0,0,0,0,510,1082,215,318,215,239,136,279,231,522
"Bacteria;Proteobacteria;Alphaproteobacteria;Rickettsiales;Mitochondria;NA",8,41,33,29,10,38,37,23,10,0,0,0,59,0,14,0,17,14,75,6,22,16,31,0,14,11,31,12,0,0,0,0,9,2,13,0,0,0,0,0,2,0,0,0,2,0,0,0,0,0,3,0,0,0,0,0,0,0,71,30,8,0,66,45,21,6,184,7
"Bacteria;Actinobacteria;Actinobacteria;Corynebacteriales;Corynebacteriaceae;NA",0,0,0,0,0,0,0,0,0,0,0,0,0,0,0,0,0,0,0,0,0,0,0,0,0,0,0,0,0,0,0,0,0,0,0,0,0,0,0,0,0,0,0,0,4,0,0,0,0,0,0,0,0,0,0,0,0,0,0,0,0,0,0,0,0,0,0,0
"Bacteria;Verrucomicrobia;Verrucomicrobiae;Chthoniobacterales;Chthoniobacteraceae;Candidatus_Udaeobacter",0,0,0,0,0,0,0,0,0,0,0,0,0,0,0,0,0,0,0,0,0,0,0,0,0,0,0,0,0,0,0,0,0,0,0,0,0,0,0,0,0,0,2,0,0,0,0,0,0,0,0,0,0,0,0,0,0,0,0,0,0,0,0,0,0,0,0,2
"Bacteria;Firmicutes;Clostridia;Clostridiales;Lachnospiraceae;GCA-900066755",0,0,0,0,0,0,0,0,0,0,0,0,0,0,0,0,0,0,0,0,0,0,0,0,0,0,0,0,0,0,0,0,0,0,0,0,0,0,0,0,0,0,0,0,0,0,0,0,0,0,0,0,0,0,0,0,0,0,0,0,0,0,0,0,2,0,0,0
"Bacteria;Bacteroidetes;Bacteroidia;Chitinophagales;Chitinophagaceae;Chitinophaga",0,0,0,0,0,0,0,0,0,0,0,0,0,0,0,0,0,0,0,0,0,0,0,0,0,0,0,0,0,0,0,0,0,0,0,0,0,3,0,0,0,0,0,0,0,0,0,0,0,0,0,0,0,0,0,0,0,0,0,0,0,0,0,0,0,0,0,0
"Bacteria;Proteobacteria;Gammaproteobacteria;Pseudomonadales;Moraxellaceae;Moraxella",0,0,0,0,0,0,0,0,0,0,0,0,0,0,0,0,0,0,0,0,0,0,0,0,0,0,0,0,0,0,0,0,0,0,0,0,0,0,0,0,0,0,4,0,0,0,0,0,0,0,0,0,0,0,0,0,0,0,0,0,0,0,0,0,0,0,0,0
"Bacteria;Firmicutes;Bacilli;Bacillales;Bacillaceae;Bacillus",0,0,0,0,0,2,0,0,0,0,0,0,0,0,0,0,0,0,0,0,0,0,0,0,0,0,0,0,0,0,0,0,0,0,0,0,0,0,0,0,0,0,0,0,0,0,0,0,0,0,0,0,0,0,0,0,0,0,0,0,0,0,0,0,0,0,0,0
"Bacteria;Actinobacteria;Coriobacteriia;Coriobacteriales;Eggerthellaceae;NA",50,35,50,14,21,58,29,16,126,361,96,58,47,3,57,19,101,37,65,72,285,282,203,0,0,0,0,0,12,45,130,227,24,56,81,94,140,0,0,0,0,0,0,0,0,0,0,0,0,0,0,0,0,0,0,0,0,0,39,118,46,25,42,45,92,88,76,44
"Bacteria;Firmicutes;Clostridia;Clostridiales;Peptococcaceae;NA",539,271,401,448,164,444,427,257,196,151,130,47,62,59,7,232,359,122,129,86,186,104,169,176,302,148,77,33,81,76,57,63,51,90,226,167,109,0,0,0,0,0,0,0,0,0,0,0,0,0,0,0,0,0,0,0,0,0,1320,451,824,576,924,578,710,586,673,802
"Bacteria;Firmicutes;Clostridia;Clostridiales;Lachnospiraceae;Tyzzerella_3",97,198,504,307,34,407,266,462,330,528,398,300,233,221,111,48,0,58,0,8,12,0,0,0,649,70,279,63,0,262,10,222,377,125,16,109,169,0,0,0,0,0,0,0,0,0,0,0,0,0,0,0,0,0,0,0,0,0,528,339,895,631,732,519,862,289,666,436
"Bacteria;Actinobacteria;Coriobacteriia;Coriobacteriales;Eggerthellaceae;DNF00809",152,179,93,93,88,176,181,146,25,259,175,36,180,63,27,122,22,36,46,44,57,83,41,0,0,0,0,0,107,18,18,59,37,40,51,24,47,0,0,0,0,0,0,0,0,0,0,0,0,0,0,0,0,0,0,0,0,0,58,75,160,99,108,113,143,218,133,271
"Bacteria;Firmicutes;Clostridia;Clostridiales;Lachnospiraceae;ASF356",298,298,796,416,53,396,0,458,368,546,255,244,474,146,19,374,31,101,8,12,11,13,0,528,466,164,344,37,36,252,150,165,396,831,792,171,248,3,0,0,0,0,0,0,0,0,0,0,0,0,0,0,0,0,0,0,0,0,273,1283,1946,2036,464,1145,2248,882,309,650
"Bacteria;Firmicutes;Bacilli;Bacillales;Bacillaceae;Aeribacillus",3,0,0,0,0,0,0,0,0,0,0,0,0,0,0,0,0,0,0,0,0,0,0,0,0,0,0,0,0,0,0,0,0,0,0,0,0,0,0,0,0,0,0,0,0,0,0,0,0,0,0,0,0,0,0,0,0,0,0,0,0,0,0,0,0,0,0,0
"Bacteria;Actinobacteria;Actinobacteria;Bifidobacteriales;Bifidobacteriaceae;NA",0,0,0,0,0,0,0,0,0,0,0,0,0,0,0,0,0,0,0,0,0,0,0,0,0,0,0,0,0,0,0,0,0,24,0,0,0,0,0,0,0,0,0,0,0,0,0,0,0,0,0,0,0,0,0,0,0,0,0,0,0,0,0,0,0,0,0,0
"Bacteria;Cyanobacteria;Oxyphotobacteria;Chloroplast;NA;NA",0,0,5,19,0,9,0,0,0,4,0,0,14,0,0,0,0,0,0,0,0,0,0,0,0,0,0,0,0,0,0,0,2,0,0,0,0,0,0,0,0,0,0,0,0,0,0,0,0,0,0,0,0,0,0,0,0,0,17,10,0,4,20,0,0,0,37,0
"Bacteria;Deinococcus-Thermus;Deinococci;Deinococcales;Deinococcaceae;Deinococcus",0,0,0,0,0,0,0,0,0,0,0,0,0,0,0,0,0,0,0,0,0,0,0,0,0,0,0,0,0,0,0,0,0,0,0,0,0,0,0,0,0,0,0,0,0,2,0,0,0,0,0,0,0,0,0,0,0,0,0,0,0,0,0,0,0,0,0,0
"Bacteria;Proteobacteria;Gammaproteobacteria;Pasteurellales;Pasteurellaceae;Actinobacillus",0,0,0,0,0,0,0,0,0,0,0,0,0,0,0,0,0,0,0,0,0,0,0,0,0,0,0,0,0,0,0,0,0,0,0,0,0,0,0,0,0,0,0,0,0,0,0,0,8,0,0,0,0,0,0,0,0,0,0,0,0,0,0,0,0,0,0,0
"Bacteria;Bacteroidetes;Bacteroidia;Bacteroidales;Dysgonomonadaceae;Dysgonomonas",0,0,0,0,0,0,0,0,0,0,0,0,0,0,0,0,0,0,0,0,0,0,0,0,3,2,0,0,0,0,0,0,0,0,0,0,0,3,0,0,0,0,0,0,0,3,0,3,3,0,5,0,0,4,0,4,0,2,0,0,0,0,0,0,0,0,0,0
"Bacteria;Firmicutes;Clostridia;Clostridiales;Ruminococcaceae;Ruminiclostridium",2477,1981,3450,2740,447,3526,1161,2274,884,3479,4033,471,1769,6241,4417,3789,2458,1807,827,496,812,484,768,333,2653,2288,875,448,999,849,584,807,1281,1190,705,1174,2069,0,0,0,0,0,0,0,0,0,0,0,0,0,0,0,0,0,0,0,0,0,1864,3251,3429,3296,1419,1832,1482,2108,933,1151
"Bacteria;Bacteroidetes;Bacteroidia;Bacteroidales;Muribaculaceae;NA",46746,47606,46609,47832,33154,33601,49881,40132,37477,37391,41983,37035,51117,39872,45852,44557,65282,49193,60101,48942,82652,65427,65346,41385,32459,29958,29380,40410,23306,17830,26386,22015,15275,27252,26835,25479,34965,33,0,0,0,0,0,0,0,0,0,2,0,0,0,8,0,0,0,8,0,0,43046,51659,34919,31025,44950,40538,22851,46500,46322,44638
"Bacteria;Proteobacteria;Alphaproteobacteria;Rhizobiales;Beijerinckiaceae;Methylobacterium",0,0,0,0,0,3,0,0,0,0,0,0,0,0,0,0,0,0,0,0,0,0,0,0,0,0,0,0,0,0,0,0,0,0,0,0,0,0,0,0,0,0,0,0,0,0,0,0,0,0,0,0,0,0,0,0,0,0,0,0,0,0,0,0,0,0,0,0
"Bacteria;Actinobacteria;Coriobacteriia;Coriobacteriales;Eggerthellaceae;Enterorhabdus",461,585,266,481,256,683,532,505,0,0,0,0,0,157,244,325,456,174,104,106,251,338,289,0,0,0,0,0,132,189,204,569,246,437,342,346,769,0,0,0,0,0,0,0,0,0,0,0,0,0,0,0,0,0,0,4,0,0,301,552,486,672,286,333,324,422,469,379
"Bacteria;Actinobacteria;Coriobacteriia;Coriobacteriales;Coriobacteriales_Incertae_Sedis;NA",0,0,0,0,0,0,3,0,0,0,0,3,0,20,12,22,9,33,0,0,0,0,0,26,0,16,3,16,0,15,4,36,12,0,0,0,0,0,0,0,0,0,0,0,0,0,0,0,0,0,0,0,0,0,0,0,0,0,0,0,0,0,0,0,0,0,0,0
"Bacteria;Firmicutes;Bacilli;Bacillales;Paenibacillaceae;Paenibacillus",0,0,0,0,0,0,0,0,0,0,0,0,0,0,0,0,0,0,0,0,0,0,0,0,0,0,0,0,0,0,0,0,0,0,0,0,2,0,0,0,0,0,0,0,0,0,0,0,0,0,0,0,0,0,0,0,0,0,0,0,0,0,0,0,0,0,0,0
"Bacteria;Firmicutes;Bacilli;Lactobacillales;Carnobacteriaceae;NA",0,0,0,0,0,0,0,0,0,0,0,0,0,0,0,0,0,0,0,0,0,0,0,0,0,0,0,0,0,0,0,0,0,0,0,0,2,0,0,0,0,0,0,0,0,0,0,0,0,0,0,0,0,0,0,0,0,0,0,0,4,2,0,0,0,0,0,0
"Bacteria;Firmicutes;Clostridia;Clostridiales;Peptostreptococcaceae;Sporacetigenium",0,0,0,0,0,0,0,0,0,0,0,0,0,0,0,0,0,0,0,0,0,0,0,0,0,0,0,0,0,0,0,0,0,0,2,0,0,0,0,0,0,0,0,0,0,0,0,0,0,0,0,0,0,0,0,0,0,0,0,0,0,0,0,0,0,0,0,0
"Bacteria;Firmicutes;Clostridia;Clostridiales;Lachnospiraceae;Anaerosporobacter",0,0,0,0,0,0,29,681,0,0,0,0,0,0,0,0,0,0,480,274,0,216,375,0,0,0,0,0,274,81,157,115,0,0,0,0,0,0,0,0,0,0,0,0,0,0,0,0,0,0,0,0,0,0,0,0,0,0,187,22,0,0,0,0,0,0,0,160
"Bacteria;Firmicutes;Bacilli;Bacillales;Staphylococcaceae;Staphylococcus",0,18,13,50,3,0,0,4,108,112,0,21,23,0,15,6,18,0,25,22,16,12,14,0,0,10,10,13,38,101,45,20,0,13,13,72,18,482,108,371,184,224,76,51,221,49,32,53,5687,698,4699,2746,3261,2553,925,437,0,1621,14,15,9,9,12,15,20,15,24,11
"Bacteria;Firmicutes;Clostridia;Clostridiales;Lachnospiraceae;Lachnospiraceae_UCG-004",34,0,33,60,0,37,0,29,52,103,59,21,67,146,193,67,163,151,163,36,0,58,113,93,323,247,59,47,158,41,127,59,193,80,69,83,149,0,0,0,0,0,0,0,0,0,0,0,0,0,0,0,0,0,0,0,0,0,192,57,292,137,127,182,331,123,176,224
"Bacteria;Proteobacteria;Alphaproteobacteria;Rhizobiales;Rhizobiaceae;Phyllobacterium",0,0,0,3,0,0,0,0,0,0,0,0,0,3,0,0,0,0,0,0,0,0,0,0,0,0,0,0,0,0,0,0,0,0,0,0,0,18,0,17,0,0,32,9,19,6,5,8,41,12,9,14,22,16,8,25,0,0,0,0,0,0,0,0,5,0,0,0
"Bacteria;Actinobacteria;Actinobacteria;Micrococcales;Micrococcaceae;NA",0,0,0,0,0,0,0,0,0,0,0,0,0,0,0,0,0,0,0,0,0,0,0,0,0,0,0,0,0,0,0,0,0,0,0,0,0,0,0,0,0,0,0,0,15,0,0,0,0,0,0,0,0,0,0,0,0,0,0,0,0,0,0,0,0,0,0,0
"Bacteria;Proteobacteria;Gammaproteobacteria;Enterobacteriales;Enterobacteriaceae;Morganella",0,0,0,0,0,0,0,0,0,0,0,0,0,0,0,0,0,0,0,0,0,0,0,0,0,0,0,0,0,0,0,0,0,0,0,0,0,1258,393,1573,738,411,0,0,0,0,0,0,0,0,0,0,0,0,0,0,0,0,0,0,0,0,0,0,0,0,0,0
"Bacteria;Firmicutes;Clostridia;Clostridiales;Ruminococcaceae;Anaerotruncus",220,27,147,70,35,189,141,154,201,220,110,48,84,277,113,53,126,140,20,22,17,21,12,46,292,176,285,24,250,192,42,106,409,135,235,25,56,0,0,0,0,0,0,0,0,0,0,0,0,0,0,0,0,0,0,0,0,0,147,287,396,286,85,175,182,202,73,556
"Bacteria;Firmicutes;Bacilli;Lactobacillales;Streptococcaceae;Lactococcus",0,0,3,0,0,0,0,0,0,0,2,0,0,0,0,8,0,4,3,0,0,0,7,0,3,0,0,0,4,0,0,0,0,6,4,5,0,0,0,0,0,0,0,0,0,0,0,0,0,0,0,0,0,0,0,0,0,0,3,0,0,0,0,0,0,0,0,0
"Bacteria;Tenericutes;Mollicutes;Anaeroplasmatales;Anaeroplasmataceae;Anaeroplasma",3591,5016,15109,4950,2585,937,2485,444,490,6202,772,1418,2420,720,1156,4064,687,1498,356,591,391,566,843,213,951,229,3014,1161,63,245,120,113,2940,133,135,90,160,0,0,0,0,0,0,0,0,0,0,0,0,0,0,0,0,0,0,0,0,0,1979,0,54,210,1451,12,9,38,15,0
"Bacteria;Firmicutes;Bacilli;Lactobacillales;NA;NA",0,0,0,0,0,0,2,0,0,3,4,6,0,0,0,1,0,0,0,0,3,2,0,4,0,0,5,0,0,0,0,0,1,0,4,0,0,0,0,8,0,0,0,0,0,0,0,0,0,0,0,0,12,0,7,0,0,0,11,3,0,2,7,8,3,0,9,0
"Bacteria;Bacteroidetes;Bacteroidia;Bacteroidales;Bacteroidaceae;Bacteroides",8467,8192,7329,8478,5688,2813,7994,2274,23048,7870,6058,15043,18699,3666,5724,10773,8308,5946,7671,6445,7920,2873,5997,9073,21862,9340,32849,7807,6894,3973,8553,4605,4632,5381,17829,7627,11896,0,0,0,0,0,8,0,0,0,0,0,0,11,0,0,0,0,0,4,0,0,5130,5420,1184,859,4253,5202,1803,6134,3001,5845
"Bacteria;Firmicutes;Clostridia;Clostridiales;Clostridiaceae_1;Candidatus_Arthromitus",0,0,0,0,0,0,0,0,0,0,0,0,0,0,0,91,0,0,0,0,0,0,0,0,0,0,0,0,0,0,0,0,0,29,107,6,0,0,0,0,0,0,0,0,0,0,0,0,0,0,0,0,0,0,0,0,0,0,21,181,43,30,376,71,15,177,76,55
"Bacteria;Proteobacteria;Gammaproteobacteria;Enterobacteriales;Enterobacteriaceae;Cronobacter",0,0,0,0,0,0,0,0,0,0,0,0,0,0,0,0,0,0,0,0,0,0,0,0,0,0,0,0,0,0,0,0,0,0,0,0,0,0,0,0,0,0,1803,644,3136,0,214,705,0,0,0,0,0,0,0,0,0,0,0,0,0,0,0,0,0,0,0,0
"Bacteria;Firmicutes;Clostridia;Clostridiales;Clostridiales_vadinBB60_group;NA",2653,1448,3752,3299,621,2607,1118,513,1780,2413,4539,3195,2781,1287,2245,2995,3398,2138,1314,1081,1772,963,1360,936,1930,499,4409,1352,1825,2664,3465,725,2469,484,164,467,545,0,0,0,0,0,0,0,0,0,0,0,0,0,0,0,0,0,0,0,0,0,886,980,1902,2802,1855,1048,1243,1400,1065,725
"Bacteria;Proteobacteria;Gammaproteobacteria;Enterobacteriales;Enterobacteriaceae;Klebsiella",0,0,0,0,0,0,0,0,0,0,0,0,0,0,0,0,0,0,0,0,0,0,0,0,0,0,0,0,0,0,10,0,0,0,0,0,0,0,0,0,0,0,0,0,0,0,0,0,0,0,0,0,0,0,0,0,0,0,0,0,0,0,0,0,0,0,0,0
"Bacteria;Firmicutes;NA;NA;NA;NA",0,0,0,0,0,0,0,0,0,0,0,0,0,2,0,0,0,0,21,0,0,0,0,0,0,0,0,0,2,0,2,31,0,0,0,0,0,0,0,0,0,0,0,0,0,0,0,0,0,0,0,0,0,0,0,0,0,0,0,0,0,0,0,0,0,0,0,0
"Bacteria;Firmicutes;Clostridia;Clostridiales;Family_XIII;Family_XIII_AD3011_group",27,23,29,21,9,18,24,19,0,64,44,38,62,68,66,81,33,65,83,38,100,60,48,51,29,28,8,42,41,24,13,76,38,35,14,31,59,0,0,0,0,0,0,0,0,0,0,0,0,0,0,0,0,0,0,0,0,0,36,33,21,31,35,34,39,42,27,56
"Bacteria;Firmicutes;Clostridia;Clostridiales;Christensenellaceae;NA",10,37,64,25,7,5,57,24,0,0,0,0,0,10,6,6,7,3,72,52,85,33,35,0,0,0,0,0,21,14,46,32,0,9,8,27,47,0,0,0,0,0,0,0,0,0,0,0,0,0,0,0,0,0,0,0,0,0,50,43,28,51,66,28,35,23,36,52
"Bacteria;Firmicutes;Clostridia;Clostridiales;Ruminococcaceae;Ruminococcaceae_UCG-014",1415,3784,2193,2293,1200,1201,1120,627,274,2112,6683,3595,6500,1175,2183,2172,2982,614,5253,3485,7522,1220,3727,6402,39,997,219,1904,1223,1328,944,1800,1028,1867,253,9485,593,0,0,0,0,0,0,0,0,0,0,0,0,0,0,0,0,0,0,0,0,0,4363,2544,2116,1750,3747,3041,2639,2602,4801,1884
"Bacteria;Firmicutes;Bacilli;Lactobacillales;Lactobacillaceae;Lactobacillus",25940,29942,14202,39220,12668,6776,17653,14403,13591,10775,13826,41258,27268,8817,22887,18116,23991,26188,31274,29350,19234,22985,23980,28377,1829,14386,12270,19285,9771,15429,12881,13404,16513,35434,33396,39963,49576,73333,36379,93957,69683,50555,63065,71592,101383,60401,63764,62506,53715,40242,43661,56466,58388,30522,44540,20742,74,41566,10958,8940,15157,6503,23042,12401,6199,13885,17261,9658
"Bacteria;Proteobacteria;Gammaproteobacteria;Betaproteobacteriales;Burkholderiaceae;Delftia",0,0,0,0,0,0,0,0,0,0,0,0,0,0,0,0,0,0,0,0,0,0,0,0,0,0,0,0,0,0,0,0,0,0,0,0,0,0,0,0,0,0,0,0,0,0,0,0,6,0,12,0,7,0,0,0,0,0,0,0,0,0,0,0,0,3,0,0
"Bacteria;Actinobacteria;Actinobacteria;Corynebacteriales;Corynebacteriaceae;Corynebacterium_1",0,0,0,0,0,0,0,0,0,0,0,0,0,0,0,0,0,0,0,0,0,0,0,0,0,0,0,0,0,0,0,0,0,0,0,0,0,0,0,0,0,0,0,0,0,0,3,0,2,0,3,0,0,0,0,0,0,6,0,0,5,0,0,0,0,0,0,0
"Bacteria;Actinobacteria;Coriobacteriia;Coriobacteriales;Eggerthellaceae;Adlercreutzia",0,59,0,26,13,0,43,0,301,1072,350,263,425,21,46,49,50,40,71,87,77,66,64,1080,60,389,149,610,25,0,0,0,20,37,27,25,36,0,0,0,0,0,0,0,0,0,0,0,0,0,0,0,0,0,0,0,0,0,26,0,0,0,0,0,0,23,0,0
"Bacteria;NA;NA;NA;NA;NA",3,2,0,0,8,113,8,32,0,0,0,0,20,0,0,0,0,0,0,143,0,5,0,0,0,0,0,0,0,0,0,3,0,0,0,2,5,0,0,0,0,0,0,0,0,0,0,0,0,0,0,0,0,0,0,0,0,0,0,0,0,2,0,15,0,0,0,0
"Bacteria;Firmicutes;Clostridia;Clostridiales;Peptostreptococcaceae;NA",0,0,0,0,0,0,0,0,0,0,0,0,0,0,0,0,0,0,0,0,0,0,0,0,0,0,0,0,0,0,0,0,2,0,0,0,0,0,0,0,0,0,0,0,0,0,0,0,0,0,0,0,0,0,0,0,0,0,0,0,0,0,0,0,0,0,0,0
"Bacteria;Firmicutes;Clostridia;Clostridiales;Ruminococcaceae;Intestinimonas",872,623,468,783,606,1410,1052,950,955,1951,1062,475,586,1422,1042,1066,925,520,334,341,566,196,321,1486,1585,1426,574,278,500,377,300,395,310,369,301,598,437,0,0,0,0,0,0,0,0,0,0,0,0,0,0,0,0,0,0,0,0,0,500,1729,888,1191,768,660,959,456,550,1615
"Bacteria;Firmicutes;Clostridia;Clostridiales;Ruminococcaceae;Hydrogenoanaerobacterium",0,0,0,0,0,0,0,0,0,0,0,0,0,0,7,0,0,26,0,0,0,0,0,0,0,0,0,0,0,0,0,0,0,0,0,0,0,0,0,0,0,0,0,0,0,0,0,0,0,0,0,0,0,0,0,0,0,0,0,0,0,0,0,0,0,0,0,0
"Bacteria;Firmicutes;Clostridia;Clostridiales;Ruminococcaceae;Butyricicoccus",0,0,21,0,6,19,11,34,212,209,9,43,144,72,14,95,18,56,191,156,193,36,437,24,654,156,160,46,6,31,143,13,169,12,39,30,0,0,0,0,0,0,0,0,0,0,0,0,0,0,0,0,0,0,0,0,0,0,199,181,344,823,348,556,666,635,126,337
"Bacteria;Firmicutes;Clostridia;Clostridiales;Ruminococcaceae;Pseudoflavonifractor",0,0,0,0,0,0,0,0,0,0,0,0,0,0,0,0,0,0,0,0,0,0,0,0,0,0,0,0,0,0,3,0,2,0,0,0,0,0,0,0,0,0,0,0,0,0,0,0,0,0,0,0,0,0,0,0,0,0,0,0,0,0,3,2,4,3,0,0
"Bacteria;Proteobacteria;Gammaproteobacteria;Pasteurellales;Pasteurellaceae;Haemophilus",0,0,0,0,0,0,0,0,0,0,0,0,0,0,0,0,0,0,0,0,0,0,0,0,0,0,0,0,0,0,0,0,0,0,0,0,0,238,141,433,370,206,1210,527,979,307,269,706,0,0,0,0,0,0,0,0,0,0,0,0,0,0,0,0,0,0,0,0
"Bacteria;Firmicutes;Clostridia;Clostridiales;Ruminococcaceae;Candidatus_Soleaferrea",95,59,342,99,176,121,216,227,183,368,364,86,177,191,181,82,216,65,84,62,137,20,43,29,443,171,494,75,95,77,162,132,262,112,135,120,211,0,0,0,0,0,0,0,0,0,0,0,0,0,0,0,0,0,0,0,0,0,56,152,108,157,128,122,184,61,137,90
"Bacteria;Firmicutes;Clostridia;Clostridiales;Ruminococcaceae;Oscillospira",0,0,0,0,1,0,0,0,0,0,0,0,0,0,0,0,0,0,0,0,3,0,0,0,0,0,0,0,0,0,0,0,0,0,0,0,0,0,0,0,0,0,0,0,0,0,0,0,0,0,0,0,0,0,0,0,0,0,3,0,0,0,0,2,26,0,0,0
"Bacteria;Firmicutes;Clostridia;Clostridiales;Lachnospiraceae;Eisenbergiella",0,0,0,0,0,0,0,0,0,0,0,0,0,129,19,0,0,8,0,0,0,0,0,0,0,0,0,0,0,0,0,0,0,0,0,0,0,0,0,0,0,0,0,0,0,0,0,0,0,0,0,0,0,0,0,0,0,0,0,0,0,0,0,0,0,0,0,0
"Bacteria;Firmicutes;Clostridia;Clostridiales;Lachnospiraceae;Cuneatibacter",0,0,0,0,0,0,0,0,0,0,0,0,0,0,0,0,0,0,0,0,0,0,0,0,0,0,0,0,0,0,0,0,0,0,0,0,0,0,0,0,0,0,0,0,0,0,0,0,0,0,0,0,0,0,0,0,0,0,0,0,0,0,0,2,0,0,0,0
"Bacteria;Firmicutes;Bacilli;NA;NA;NA",0,0,0,0,0,0,0,0,0,0,0,0,9,2,0,0,0,0,0,0,3,0,0,0,0,0,0,0,0,0,0,0,0,0,0,0,0,0,0,0,0,0,0,0,0,0,0,0,0,0,0,0,0,0,0,0,0,0,0,0,0,0,0,0,0,0,0,0
"Bacteria;Proteobacteria;Gammaproteobacteria;Enterobacteriales;Enterobacteriaceae;Escherichia/Shigella",102,0,92,96,28,67,83,84,37,53,40,88,69,99,120,74,0,147,50,152,202,185,168,143,68,64,0,77,71,73,77,59,27,38,31,0,40,40939,31533,26481,36380,52355,30777,47302,22618,77001,79231,48508,72416,95571,102246,83223,72167,98191,81167,103102,123,60120,74,118,110,95,0,89,71,46,93,59
"Eukaryota;Euglenozoa;Euglenida;NA;NA;NA",0,0,0,0,0,0,0,0,0,0,0,0,0,0,0,0,0,0,0,0,0,0,0,0,0,0,2,0,0,0,0,0,0,0,0,0,0,0,0,0,0,0,0,0,0,0,0,0,0,0,0,0,0,0,0,0,0,0,0,0,0,0,0,0,0,0,0,0
"Bacteria;Firmicutes;Clostridia;Clostridiales;Lachnospiraceae;Blautia",0,0,0,0,0,0,0,0,0,0,0,0,0,0,0,0,0,0,0,0,0,0,0,0,0,0,0,0,0,0,0,0,0,0,0,0,0,0,0,0,0,7,0,0,0,0,0,0,0,0,0,0,0,0,0,0,0,0,0,0,0,0,0,0,0,0,0,0
"Bacteria;Firmicutes;Clostridia;Clostridiales;Family_XIII;Anaerovorax",0,0,0,0,0,0,0,0,0,0,0,0,0,0,0,0,0,0,0,0,0,0,0,0,0,0,0,0,0,0,0,0,0,0,0,0,0,0,0,0,0,0,0,0,0,0,0,0,0,0,0,0,0,0,0,0,0,0,6,0,9,0,12,0,22,10,7,11
"Bacteria;Firmicutes;Clostridia;Clostridiales;Ruminococcaceae;Harryflintia",11,11,44,20,11,8,8,15,0,6,12,0,7,141,126,35,88,60,41,8,47,8,7,0,0,0,0,0,6,0,0,22,0,0,0,0,15,0,0,0,0,0,0,0,0,0,0,0,0,0,0,0,0,0,0,0,0,0,5,0,7,9,0,0,0,0,0,4
"Bacteria;Firmicutes;Clostridia;Clostridiales;Christensenellaceae;Christensenellaceae_R-7_group",0,0,0,0,0,0,0,0,0,0,0,0,0,0,0,0,0,0,109,131,162,101,74,0,0,0,0,0,0,0,0,0,0,0,0,0,0,0,0,0,0,0,0,0,0,0,0,0,0,0,0,0,0,0,0,0,0,0,0,0,0,0,0,4,0,0,0,0
"Bacteria;Firmicutes;Clostridia;Clostridiales;Lachnospiraceae;Lachnospiraceae_UCG-010",40,23,79,80,31,51,37,47,20,40,43,5,26,54,25,48,33,23,16,20,14,14,33,5,32,28,14,0,27,32,11,19,28,10,7,16,9,0,0,0,0,0,0,0,0,0,0,0,0,0,0,0,0,0,0,0,0,0,43,37,82,52,31,42,17,44,43,45
"Bacteria;Firmicutes;Clostridia;Clostridiales;Peptococcaceae;Dehalobacterium",0,0,0,0,0,0,0,0,0,0,0,0,0,3,8,8,0,13,0,11,13,10,14,0,0,0,0,0,0,4,6,18,0,0,0,9,8,0,0,0,0,0,0,0,0,0,0,0,0,0,0,0,0,0,0,0,0,0,0,0,10,9,0,7,0,9,8,11
"Bacteria;Firmicutes;Clostridia;Clostridiales;Ruminococcaceae;Papillibacter",0,0,0,0,0,0,0,0,0,0,0,0,0,0,0,0,0,0,0,0,0,0,0,0,0,0,0,0,0,0,0,0,0,0,0,0,0,0,0,0,0,0,0,0,0,0,0,0,0,0,0,0,0,0,0,0,0,0,0,17,18,9,13,10,12,11,0,12
"Bacteria;Firmicutes;Bacilli;Lactobacillales;Carnobacteriaceae;Dolosigranulum",0,0,0,0,0,0,0,0,0,0,0,0,0,0,0,0,0,0,0,0,0,0,0,0,0,0,0,0,0,0,0,0,0,0,0,0,0,0,0,0,0,0,0,0,0,0,0,0,0,0,0,0,0,0,2,0,0,0,0,0,0,0,0,0,0,0,0,0
"Bacteria;Firmicutes;Clostridia;Clostridiales;Lachnospiraceae;Marvinbryantia",60,114,19,73,31,45,88,41,21,54,47,70,78,0,8,45,16,9,13,5,25,16,22,44,0,20,14,0,42,14,26,30,19,21,16,43,32,0,0,0,0,0,0,0,0,0,0,0,0,0,0,0,0,0,0,0,0,0,65,63,0,0,21,23,15,36,21,25
"Bacteria;Firmicutes;Erysipelotrichia;Erysipelotrichales;Erysipelotrichaceae;Faecalitalea",0,0,0,0,0,0,0,0,0,0,0,0,0,0,0,0,0,0,0,0,0,0,0,0,0,0,0,0,0,0,0,0,0,0,0,0,0,0,0,0,0,0,0,0,0,0,0,0,0,0,0,0,0,0,0,0,0,0,0,37,0,0,0,0,0,0,0,354
"Bacteria;Firmicutes;Clostridia;Clostridiales;Ruminococcaceae;Ruminococcaceae_UCG-009",218,152,236,235,64,250,164,156,181,297,301,67,93,69,51,0,6,0,46,87,161,31,25,179,300,163,65,31,80,123,88,185,117,83,133,88,41,0,0,0,0,0,0,0,0,0,0,0,0,0,0,0,0,0,0,0,0,0,125,198,209,195,179,229,269,133,137,151
"NA;NA;NA;NA;NA;NA",0,0,0,0,0,0,0,0,0,0,4,6,0,0,0,0,0,0,0,0,0,0,0,0,0,0,0,0,0,0,0,0,0,0,0,0,2,0,0,0,0,0,0,9,2,2,0,0,17,14,5,2,6,14,4,5,0,0,0,0,2,0,0,0,4,0,3,0
"Bacteria;Firmicutes;Clostridia;Clostridiales;Lachnospiraceae;Lachnospiraceae_UCG-006",2040,1466,1721,2248,280,1762,248,1280,1887,766,576,59,307,1461,1486,1770,412,569,685,203,1756,396,306,1250,724,1276,336,320,2078,804,662,708,159,285,434,1015,1560,6,0,0,0,0,0,0,0,0,0,0,0,0,0,0,0,0,0,0,0,0,850,1765,2021,2133,1105,1820,2883,1468,1520,1217
"Bacteria;Firmicutes;Erysipelotrichia;Erysipelotrichales;Erysipelotrichaceae;Dubosiella",0,0,0,0,0,0,0,0,0,0,0,0,0,68,98,97,843,109,1824,7401,584,582,79,0,0,0,0,0,0,3103,420,3021,0,1116,115,131,609,0,0,0,0,0,0,0,0,0,0,0,0,0,0,0,0,0,0,0,0,0,0,0,0,0,0,0,0,0,0,0
"Bacteria;Proteobacteria;Gammaproteobacteria;Oceanospirillales;Halomonadaceae;Halomonas",0,0,0,0,0,0,0,0,0,0,0,0,0,0,0,0,0,0,0,0,0,0,0,0,0,0,0,0,0,0,0,0,0,0,0,0,0,0,0,0,0,0,0,0,0,0,0,0,4,0,0,0,0,0,0,0,0,0,0,0,0,0,0,0,0,0,0,0
"Bacteria;Firmicutes;Clostridia;Clostridiales;Lachnospiraceae;Acetitomaculum",0,0,0,0,0,0,0,0,0,0,0,0,0,0,0,0,0,0,153,78,192,62,327,0,0,0,0,0,0,0,0,0,0,45,0,133,0,0,0,0,0,0,0,0,0,0,0,0,0,0,0,0,0,0,0,0,0,0,0,0,18,15,0,0,5,0,0,0
"Bacteria;Firmicutes;Bacilli;Lactobacillales;Lactobacillaceae;NA",0,0,0,0,0,0,0,0,0,0,0,0,0,0,0,0,0,0,0,0,0,0,0,0,0,0,0,0,0,0,0,0,0,0,0,0,0,0,0,0,0,0,0,0,0,0,0,0,0,0,0,0,0,0,0,0,0,0,0,2,0,0,0,0,0,0,0,0
"Bacteria;Firmicutes;Erysipelotrichia;Erysipelotrichales;Erysipelotrichaceae;Candidatus_Stoquefichus",25,70,18,82,44,88,48,18,459,82,29,15,86,82,60,77,89,19,50,13,206,85,55,66,16,6,14,12,51,20,18,30,10,70,20,55,46,0,0,0,0,0,0,0,0,0,0,0,0,0,0,0,0,0,0,0,0,0,150,527,78,94,60,23,28,69,59,328
"Bacteria;Verrucomicrobia;Verrucomicrobiae;Verrucomicrobiales;Akkermansiaceae;Akkermansia",7113,10071,2994,12694,3078,1945,3200,1974,107,5,0,19,0,7231,9038,8049,10730,9649,17931,29,21655,17432,9844,17149,10950,2460,28439,5349,4289,1035,556,955,0,906,1772,2584,3166,0,0,0,0,0,0,0,0,0,0,0,0,0,0,0,0,0,0,0,0,0,0,28,14,20,89,80,9,226,0,0
"Bacteria;Firmicutes;Clostridia;Clostridiales;Ruminococcaceae;NA",900,1223,886,815,830,1983,1213,850,717,951,661,588,711,1017,526,511,825,372,691,455,625,428,535,780,493,1086,253,550,431,390,510,593,370,447,431,868,942,0,0,0,0,0,0,0,0,0,0,0,0,0,0,0,0,0,0,0,0,0,974,861,590,976,703,1271,963,1489,543,1059
"Bacteria;Proteobacteria;Gammaproteobacteria;Betaproteobacteriales;Burkholderiaceae;NA",0,0,0,0,0,0,0,0,0,0,0,0,0,0,0,0,0,0,0,0,0,0,0,0,0,0,0,0,0,0,0,0,0,0,0,0,0,0,0,0,0,0,0,0,2,0,0,0,0,0,0,0,0,0,0,0,0,0,0,0,0,0,0,0,0,0,0,0
"Bacteria;Firmicutes;Clostridia;Clostridiales;Ruminococcaceae;Phocea",0,0,0,0,0,0,0,0,0,0,0,0,0,0,0,0,0,0,0,0,0,0,0,0,0,0,0,0,0,0,0,0,5,0,0,0,0,0,0,0,0,0,0,0,0,0,0,0,0,0,0,0,0,0,0,0,0,0,0,0,0,0,0,0,0,0,0,0
"Bacteria;Firmicutes;Clostridia;Clostridiales;Peptostreptococcaceae;Romboutsia",0,0,8,0,137,0,4,534,0,9,0,0,0,0,0,0,0,0,0,0,0,0,6,1275,49,1329,1297,1227,0,0,12,0,2383,1903,265,482,0,2656,783,3340,2237,1199,177,115,353,102,191,182,15140,122,2370,899,3104,334,289,80,0,572,0,0,0,0,0,0,0,0,0,0
"Bacteria;Firmicutes;Clostridia;Clostridiales;Lachnospiraceae;Shuttleworthia",0,0,0,0,0,0,0,0,0,0,0,0,0,0,0,0,0,0,0,0,0,0,0,0,0,0,0,0,0,0,0,0,0,0,0,0,0,6,0,0,0,0,0,0,0,0,0,0,0,0,0,0,0,0,0,0,0,0,0,0,0,0,0,0,0,0,0,0
"Bacteria;Chloroflexi;Chloroflexia;Thermomicrobiales;JG30-KF-CM45;NA",0,0,0,0,0,0,0,0,0,0,0,0,0,0,0,0,0,0,0,0,0,0,0,0,0,0,0,0,0,0,0,0,0,0,0,0,0,0,0,0,0,0,0,0,0,0,0,0,0,0,0,0,2,0,0,0,0,0,0,0,0,0,0,0,0,0,0,0
"Bacteria;Proteobacteria;Gammaproteobacteria;Pseudomonadales;Pseudomonadaceae;Pseudomonas",10,7,27,17,5,22,0,0,25,18,18,25,18,5,19,20,22,18,15,18,11,19,13,0,0,12,21,8,21,19,11,6,5,19,14,25,0,16,9,8,4,0,20,12,18,0,2,8,29,7,18,5,65,9,0,27,0,15,3,7,0,0,24,10,0,6,6,11
"Bacteria;Firmicutes;Clostridia;Clostridiales;Ruminococcaceae;Flavonifractor",0,59,120,0,130,0,0,9,0,122,0,0,23,63,0,0,0,0,0,0,0,0,0,0,7,88,6,38,0,0,0,0,0,0,0,48,0,0,0,0,0,0,0,0,0,0,0,0,0,0,0,0,0,0,0,0,0,0,6,155,87,60,40,62,48,60,48,0
"Bacteria;Firmicutes;Clostridia;Clostridiales;Family_XIII;NA",220,166,191,178,87,192,298,150,136,456,234,254,208,244,233,261,203,171,102,83,103,91,125,239,201,161,128,107,89,56,119,84,115,172,139,217,258,0,0,0,0,0,0,0,0,0,0,0,0,0,0,0,0,0,0,0,0,0,113,203,161,151,117,127,183,110,143,184
"Bacteria;Proteobacteria;Gammaproteobacteria;Betaproteobacteriales;NA;NA",0,0,0,0,0,0,0,0,0,0,0,0,0,0,0,0,0,0,0,0,0,0,0,0,0,0,0,0,0,0,0,0,0,0,0,0,0,0,0,0,0,0,0,0,0,0,0,0,0,0,0,0,4,0,0,0,0,0,0,0,0,0,0,0,0,0,0,0
"Bacteria;Proteobacteria;Gammaproteobacteria;Pseudomonadales;Moraxellaceae;Acinetobacter",0,0,0,0,0,0,0,0,0,0,0,0,0,0,0,0,0,0,0,0,0,0,0,0,0,0,0,0,0,0,0,0,0,0,0,0,0,0,0,0,0,0,0,0,0,0,0,0,0,0,0,0,4,0,0,0,0,0,0,0,0,0,0,0,0,0,0,0
"Bacteria;Firmicutes;Clostridia;Clostridiales;Lachnospiraceae;Lactonifactor",0,0,0,0,0,2,7,0,0,0,0,0,0,0,0,0,0,0,0,0,0,0,0,0,0,0,0,0,0,0,0,2,0,0,0,0,0,0,0,0,0,0,0,0,0,0,0,0,0,0,0,0,0,0,0,0,0,0,0,0,0,0,0,0,0,0,0,0
"Bacteria;Firmicutes;Clostridia;Clostridiales;Lachnospiraceae;Roseburia",461,497,780,546,177,2496,2112,1425,22,1453,511,112,305,6751,4085,1002,893,2805,498,908,360,145,112,118,332,781,114,566,880,1043,1164,1078,658,2274,368,1065,3413,8,0,0,0,0,0,0,0,0,0,0,0,0,2,0,0,0,0,0,0,0,1626,1415,4219,1555,2787,2993,6874,1042,2740,2544
"Bacteria;Bacteroidetes;Bacteroidia;Bacteroidales;NA;NA",3,16,0,34,0,0,2,12,0,0,0,0,0,4,2,0,2,4,19,3,0,0,3,8,0,0,10,0,0,3,0,12,2,6,2,7,3,0,0,0,0,0,0,0,0,0,0,0,0,0,0,0,0,0,0,0,0,0,61,18,6,0,3,0,6,3,0,37
"Bacteria;Firmicutes;Clostridia;Clostridiales;Ruminococcaceae;Ruminiclostridium_5",1585,1063,1542,1159,714,1957,979,762,17,836,781,168,331,628,750,855,899,548,320,347,311,79,231,426,301,489,143,131,268,219,471,290,185,232,529,345,1089,0,0,0,0,0,0,0,0,0,0,0,0,0,0,0,0,0,0,0,0,0,1344,2136,1440,2834,1413,979,1344,662,1206,1796
"Bacteria;Firmicutes;Erysipelotrichia;Erysipelotrichales;Erysipelotrichaceae;Turicibacter",647,1685,661,1335,1609,61,1363,5942,0,24,0,0,0,5015,5113,2961,82,3512,19912,19329,20002,17918,21362,11919,497,12759,846,17556,23791,38486,13520,35128,26614,18048,1779,9099,1143,12,0,13,11,0,0,0,0,0,0,0,215,0,0,0,14,0,0,7,0,0,0,0,0,0,0,0,0,10,0,0
"Bacteria;Firmicutes;Clostridia;Clostridiales;Lachnospiraceae;Lachnospiraceae_NK4B4_group",0,0,0,0,0,0,0,10,0,0,0,2,0,0,0,0,0,0,0,0,80,0,0,0,0,0,0,0,0,0,0,0,0,0,0,0,0,0,0,0,0,0,0,0,0,0,0,0,0,0,0,0,0,0,0,0,0,0,0,0,0,0,0,0,0,0,0,0
"Eukaryota;Retaria;Foraminifera;Globothalamea;Rotaliida;Ammonia",0,0,0,0,0,0,0,0,0,0,0,0,0,0,0,0,0,0,0,0,0,0,0,0,0,0,0,0,0,0,0,0,0,0,0,0,0,0,0,0,0,0,0,0,0,0,0,0,24,0,0,0,0,27,0,16,0,0,0,0,0,0,0,0,0,0,0,0
"Bacteria;Deferribacteres;Deferribacteres;Deferribacterales;Deferribacteraceae;Mucispirillum",0,0,0,0,0,0,0,0,0,0,0,0,0,0,0,0,0,0,0,0,0,0,0,0,0,0,0,0,0,0,0,0,0,0,0,0,0,0,0,0,0,0,0,0,0,0,0,0,0,0,0,0,0,0,0,0,0,0,299,112,44,757,320,192,202,292,34,186
"Bacteria;Chloroflexi;Ktedonobacteria;C0119;NA;NA",0,0,0,0,0,0,0,0,0,0,0,0,0,0,0,0,0,0,0,0,0,0,0,0,0,0,0,0,0,0,0,0,0,0,0,0,0,0,0,0,0,0,0,0,0,0,0,2,0,0,0,0,0,0,0,0,0,0,0,0,0,0,0,0,0,0,0,0
"Bacteria;Bacteroidetes;Bacteroidia;Bacteroidales;Muribaculaceae;CAG-873",0,2,11,3,5,0,0,0,12,0,21,0,11,3,0,20,0,0,4,5,6,0,31,4,3,7,11,17,0,2,0,0,0,0,0,30,0,0,0,0,0,0,0,0,0,0,0,0,0,0,0,0,0,0,0,0,0,0,2,6,4,0,0,5,3,1,5,0
"Bacteria;Firmicutes;Clostridia;Clostridiales;Lachnospiraceae;Lachnospiraceae_UCG-001",138,319,759,117,23,305,407,295,68,261,55,91,132,2336,382,41,729,107,1829,948,915,886,1544,95,263,51,136,45,977,2355,1163,2001,130,941,64,968,455,0,0,0,0,0,0,0,0,0,0,4,0,0,0,0,5,0,0,0,0,0,555,1548,196,3399,800,1171,667,1399,704,555
"Bacteria;Firmicutes;Clostridia;Clostridiales;Lachnospiraceae;Parasporobacterium",0,4,0,0,0,0,0,0,0,0,0,0,0,0,0,0,0,0,0,0,0,0,0,0,0,0,0,0,0,0,0,0,0,0,0,0,0,0,0,0,0,0,0,0,0,0,0,0,0,0,0,0,0,0,0,0,0,0,0,0,0,0,0,0,0,0,0,0
"Bacteria;Firmicutes;Erysipelotrichia;Erysipelotrichales;Erysipelotrichaceae;Erysipelatoclostridium",218,376,38,291,0,0,0,0,0,121,104,53,179,0,45,51,0,41,50,289,268,129,122,720,1976,68,943,30,643,34,474,112,9,493,1021,655,338,0,0,0,0,0,0,0,0,0,0,0,0,0,0,0,0,0,0,0,0,0,1473,1864,506,675,1017,457,82,989,118,2043
"Bacteria;Firmicutes;Clostridia;Clostridiales;Lachnospiraceae;GCA-900066575",475,276,1027,403,139,796,664,428,10,351,418,185,224,3920,2792,967,3714,2017,1703,363,1429,541,805,144,1011,306,294,136,212,337,759,522,259,140,38,310,121,0,0,0,0,0,0,0,0,0,0,0,0,0,0,0,0,0,0,0,0,0,185,272,488,385,287,420,417,380,561,1257
"Bacteria;Firmicutes;Clostridia;Clostridiales;Ruminococcaceae;Ruminococcaceae_NK4A214_group",28,35,18,23,24,10,17,15,0,47,37,37,38,41,40,66,50,35,44,37,47,34,53,21,0,31,57,15,13,19,0,29,11,35,0,33,46,0,0,0,0,0,0,0,0,0,0,0,0,0,0,0,0,0,0,0,0,0,0,40,18,17,39,29,38,33,57,14
"Bacteria;Firmicutes;Clostridia;Clostridiales;Ruminococcaceae;Ruminococcus_1",2677,2705,3133,2483,2662,2999,3117,335,563,764,3308,916,1037,1659,1312,3444,931,2105,2384,1471,2229,962,457,2525,132,2374,1120,2958,1429,581,490,731,1187,121,110,1527,1588,0,0,0,0,0,0,0,0,0,0,0,0,0,0,0,0,0,0,0,0,0,636,363,138,138,501,382,244,255,690,180
"Bacteria;Firmicutes;Clostridia;Clostridiales;Family_XI;Gallicola",0,0,0,0,0,0,0,0,0,0,0,0,0,0,0,0,0,0,0,0,0,0,0,0,0,0,0,0,0,0,0,0,0,0,0,0,2,0,0,0,0,0,0,0,0,0,0,0,0,0,0,0,0,0,0,0,0,0,0,0,0,0,0,0,0,0,0,0
"Bacteria;Firmicutes;Clostridia;Clostridiales;Lachnospiraceae;Lachnospiraceae_NK4A136_group",25799,14909,35744,19131,9833,31512,17316,27825,9845,33355,26185,11577,12838,16105,15617,16584,12029,10620,12342,10448,13905,10912,12460,10335,28760,11744,13248,6928,10739,18420,15418,13396,16010,15291,12496,15845,9498,17,0,0,0,0,0,0,0,0,0,0,0,0,0,0,0,0,0,0,0,0,22330,45207,30583,51019,26094,28358,40540,21831,27001,32316
"Bacteria;Firmicutes;Erysipelotrichia;Erysipelotrichales;Erysipelotrichaceae;NA",11,95,233,73,64,62,42,14,138,149,46,73,51,45,15,138,123,12,91,55,71,332,140,85,0,130,0,32,40,216,233,169,10,38,155,7,318,2,0,0,0,0,0,0,0,0,0,0,0,0,0,0,0,0,0,0,0,0,215,750,106,1042,87,147,171,152,207,146
"Bacteria;Firmicutes;Bacilli;Lactobacillales;Enterococcaceae;Melissococcus",0,0,0,0,0,0,0,0,0,0,0,0,0,0,0,0,0,0,0,0,0,0,0,0,0,0,0,0,0,0,0,0,0,0,0,0,0,0,0,0,0,0,0,0,9,0,0,0,0,0,0,0,0,0,0,0,0,0,0,0,0,0,0,0,0,0,0,0
"Bacteria;Actinobacteria;Actinobacteria;Micrococcales;Micrococcaceae;Rothia",0,0,0,13,0,0,0,0,0,0,0,0,0,0,9,0,0,0,0,0,19,0,0,0,0,0,0,0,0,0,0,0,0,0,0,0,0,2641,982,4161,3151,2760,4929,4718,7337,3655,3518,5517,0,0,0,0,0,11,0,0,0,0,0,0,0,0,0,0,0,0,0,0
"Bacteria;Actinobacteria;Actinobacteria;Micrococcales;Microbacteriaceae;NA",0,2,0,0,0,0,0,0,0,0,0,0,0,0,0,0,0,0,0,0,0,0,0,0,0,0,0,0,0,0,0,0,0,0,0,0,0,0,0,0,0,0,0,0,0,0,0,0,0,0,0,0,0,0,0,0,0,0,0,0,0,0,0,0,0,0,0,0
"Bacteria;Firmicutes;Clostridia;Clostridiales;Peptostreptococcaceae;Peptostreptococcus",0,0,0,0,0,0,0,0,0,0,0,0,0,0,0,0,0,0,0,0,2,0,0,0,0,0,0,0,0,0,0,0,0,0,0,0,0,0,0,0,0,0,0,0,0,0,0,0,0,0,0,0,0,0,0,0,0,0,0,0,0,0,0,0,0,0,0,0
"Bacteria;Firmicutes;Clostridia;Clostridiales;Ruminococcaceae;GCA-900066225",39,41,34,62,23,60,32,35,101,48,44,16,10,72,21,32,9,13,25,28,38,7,13,107,102,91,68,22,10,0,6,6,20,0,0,0,8,0,0,0,0,0,0,0,0,0,0,0,0,0,0,0,0,0,0,0,0,0,18,9,20,8,75,0,9,10,20,20
"Bacteria;Firmicutes;Erysipelotrichia;Erysipelotrichales;Erysipelotrichaceae;Faecalibaculum",0,0,0,0,1507,0,1491,4189,0,0,0,0,0,0,0,0,0,0,0,0,0,0,0,0,0,0,0,0,0,0,0,0,0,0,0,0,0,0,0,0,0,0,0,0,0,0,0,0,0,0,0,0,0,0,0,0,0,0,36,242,24,0,22,15,0,24,3,100
"Bacteria;Firmicutes;Clostridia;Clostridiales;Ruminococcaceae;Oscillibacter",3951,2204,5058,2838,1184,5289,4581,2149,880,3256,3234,738,931,3318,3445,1748,3199,1095,966,662,1752,716,939,1302,1558,1742,817,480,1397,608,1292,850,715,1025,691,1263,1911,0,0,0,0,0,0,0,0,0,0,0,0,0,0,0,0,0,0,0,0,0,2489,3047,4885,2863,4141,2887,4422,2469,1977,2938
"Bacteria;Firmicutes;Bacilli;Lactobacillales;Carnobacteriaceae;Atopobacter",0,15,0,0,3,2,6,3,0,0,0,4,0,0,0,0,0,0,0,0,0,0,0,0,4,0,0,0,0,0,0,6,0,0,0,0,0,0,0,0,0,0,0,0,0,0,0,0,0,0,0,0,0,0,0,0,0,0,0,0,0,0,0,16,0,0,0,0
"Bacteria;Firmicutes;Clostridia;Clostridiales;Lachnospiraceae;Lachnoclostridium",14478,8798,4638,12853,3639,13277,12205,6202,3467,6104,4839,2973,4714,2643,3426,3972,6876,2386,1969,1347,2309,2712,1841,2100,3187,1437,1300,507,2005,1737,2045,2316,940,1775,3595,4432,2237,21,0,0,0,0,0,0,0,0,0,0,0,0,0,0,0,0,0,0,0,0,4093,5880,11064,9851,5000,2677,2024,3278,1517,4365
"Bacteria;Patescibacteria;Saccharimonadia;Saccharimonadales;Saccharimonadaceae;Candidatus_Saccharimonas",0,133,157,5,6,36,0,0,0,0,0,0,0,0,0,0,0,0,0,0,0,0,0,0,0,0,0,0,0,0,0,0,0,0,0,0,0,0,0,0,0,0,0,0,0,0,0,0,0,0,0,0,0,0,0,0,0,0,94,55,79,54,72,4,0,0,0,41
"Bacteria;Bacteroidetes;Bacteroidia;Bacteroidales;Paludibacteraceae;F0058",0,0,0,0,0,0,0,0,0,0,0,0,0,0,0,0,0,0,0,0,0,0,0,0,0,0,0,0,0,0,0,0,0,0,0,0,0,0,0,0,0,0,0,0,0,0,0,0,5,0,0,0,0,0,0,0,0,0,0,0,0,0,0,0,0,0,0,0
"Bacteria;Firmicutes;Clostridia;Clostridiales;Ruminococcaceae;Ruminococcaceae_UCG-013",153,37,12,94,199,96,99,42,0,0,0,0,0,44,33,418,41,36,391,549,614,124,181,0,0,0,0,0,207,46,36,303,32,81,78,82,849,0,0,2,0,0,0,0,0,0,0,0,0,0,0,0,0,0,0,0,0,0,21,52,0,12,6,9,0,12,4,25
"Bacteria;Firmicutes;Bacilli;Lactobacillales;Enterococcaceae;NA",0,0,0,0,0,0,0,0,0,0,0,0,0,0,0,0,0,0,0,0,0,0,0,0,0,0,0,0,0,0,0,0,4,0,0,0,0,0,0,0,0,0,0,0,0,0,0,0,0,0,0,0,0,0,0,0,0,0,0,0,0,0,0,0,0,0,0,0
"Bacteria;Firmicutes;Clostridia;Clostridiales;Lachnospiraceae;possible_genus_Sk018",0,0,0,0,0,0,0,0,0,0,0,0,0,0,0,0,0,0,0,0,0,0,0,0,0,0,0,0,0,0,0,0,0,0,0,0,0,0,0,0,0,0,0,0,0,0,0,0,0,0,0,0,0,0,0,0,0,0,0,0,0,0,0,0,0,0,0,3
"Bacteria;Firmicutes;Clostridia;Clostridiales;Ruminococcaceae;Ruminococcaceae_UCG-003",0,0,0,0,0,0,0,0,0,0,0,0,0,0,0,0,0,0,0,0,0,0,0,0,0,0,0,0,0,0,0,0,0,0,0,0,0,0,0,0,0,0,0,0,0,0,0,0,0,0,0,0,0,0,0,0,0,0,24,49,153,151,17,119,59,148,36,0
"Bacteria;Actinobacteria;Coriobacteriia;Coriobacteriales;Atopobiaceae;Coriobacteriaceae_UCG-002",0,13,0,0,7,0,37,15,0,0,0,0,0,0,0,0,0,0,0,0,0,0,0,0,0,0,0,0,0,0,0,0,0,0,0,0,0,0,0,0,0,0,0,0,0,0,0,0,0,0,0,0,0,0,0,0,0,0,0,0,0,0,0,0,0,0,0,0
"Bacteria;Firmicutes;Bacilli;Bacillales;Family_XI;Gemella",0,0,0,0,0,0,0,0,0,0,0,2,0,0,0,0,0,0,0,0,0,0,0,0,0,0,0,0,0,0,0,0,0,0,0,0,0,4,0,0,0,0,0,0,5,0,0,0,16,2,0,0,13,0,0,0,0,0,0,0,0,0,0,0,0,0,0,0
"Bacteria;Firmicutes;Clostridia;Clostridiales;Clostridiaceae_1;Clostridium_sensu_stricto_1",0,56,0,0,329,15,795,1704,0,0,693,0,1679,6661,1280,25,34,2293,4051,7994,2490,2195,2229,13242,1357,9046,7323,10455,8,0,221,0,266,12023,1141,2045,8,204,70,212,84,55,10,13,179,25,70,25,135,0,10,0,195,460,9,0,0,0,0,0,0,0,0,0,0,0,0,0
"Bacteria;Firmicutes;Clostridia;Clostridiales;Lachnospiraceae;Tyzzerella",79,40,8,101,8,28,91,38,34,74,35,0,13,77,48,27,192,47,232,133,251,61,130,146,32,72,10,19,13,41,0,13,24,8,21,0,38,0,0,0,0,0,0,0,0,0,0,0,0,0,0,0,0,0,0,0,0,0,16,48,17,30,22,50,107,24,49,88
"Bacteria;Proteobacteria;Gammaproteobacteria;Enterobacteriales;Enterobacteriaceae;Proteus",0,32,20,0,0,0,0,0,0,0,0,0,0,0,0,0,0,0,0,0,0,0,0,0,0,0,0,0,0,0,0,0,0,0,0,0,0,1064,62,555,215,109,346,208,1912,191,180,129,0,52,0,0,88,0,27,0,0,0,5,0,0,0,0,0,5,0,23,0
"Bacteria;Firmicutes;Clostridia;Clostridiales;Family_XIII;Family_XIII_UCG-001",49,24,48,38,22,80,49,61,0,0,0,0,0,73,20,41,10,32,30,31,29,10,43,0,93,0,0,0,23,30,37,33,16,30,32,56,125,0,0,0,0,0,0,0,0,0,0,0,0,0,0,0,0,0,0,0,0,0,24,88,65,77,56,64,54,63,29,79
"Bacteria;Actinobacteria;Actinobacteria;Micrococcales;Microbacteriaceae;Curtobacterium",0,0,0,0,0,0,0,3,0,0,0,0,0,0,0,0,0,0,0,0,0,0,0,0,0,0,0,0,0,0,0,0,0,0,0,0,0,0,0,0,0,0,0,0,0,0,0,0,0,0,0,0,0,0,0,0,0,0,0,0,0,0,0,0,0,0,0,0
"Bacteria;Tenericutes;Mollicutes;Izimaplasmatales;NA;NA",0,0,0,0,0,0,0,0,0,0,0,0,0,0,0,0,0,0,24,24,28,0,0,0,0,0,0,0,0,0,0,0,0,0,0,0,0,0,0,0,0,0,0,0,0,0,0,0,0,0,0,0,0,0,0,0,0,0,0,0,0,0,0,0,0,0,0,0
"Bacteria;Proteobacteria;Gammaproteobacteria;Vibrionales;Vibrionaceae;Vibrio",0,0,0,0,0,0,0,0,0,0,0,0,0,0,0,0,0,0,0,0,0,0,0,0,0,0,0,0,0,0,0,0,0,0,0,0,0,0,0,0,2,0,0,0,0,0,0,0,0,0,0,0,0,0,0,0,0,0,0,0,0,0,0,0,0,0,0,0
"Bacteria;Firmicutes;Bacilli;Lactobacillales;Enterococcaceae;Enterococcus",0,166,18,13,0,0,0,0,0,0,0,5,0,0,0,0,5,0,10,6,0,0,11,0,0,7,8,19,12,0,0,7,0,0,4,0,0,4106,1194,2312,1480,1618,4529,3416,5173,2753,4512,3780,99,482,759,620,937,805,1884,87,0,224,0,10,8,0,0,0,0,0,0,6
"Bacteria;Epsilonbacteraeota;Campylobacteria;Campylobacterales;Arcobacteraceae;Arcobacter",0,0,0,0,0,0,0,0,0,0,0,0,0,0,0,0,0,0,0,0,0,0,0,0,0,0,0,0,0,0,0,0,0,0,0,0,0,0,0,0,2,0,0,0,0,0,0,0,0,0,0,0,0,0,0,0,0,0,0,0,0,0,0,0,0,0,0,0
"Bacteria;Firmicutes;Clostridia;Clostridiales;Lachnospiraceae;Anaerostipes",2522,1145,2020,1335,598,1707,1233,940,414,96,611,313,450,0,0,0,0,0,577,527,1090,386,490,844,0,50,16,50,735,442,333,144,800,0,0,0,0,0,0,0,0,0,0,0,0,0,0,0,0,0,0,0,0,0,0,0,0,0,766,318,204,144,206,173,0,368,8,180
"Bacteria;Bacteroidetes;Bacteroidia;Bacteroidales;Tannerellaceae;Parabacteroides",1216,6730,4777,4699,0,0,0,0,0,0,0,0,0,0,0,0,0,0,0,0,0,0,0,0,0,0,0,0,0,0,0,0,0,0,0,0,0,0,0,0,0,0,2,0,0,0,0,0,0,0,0,3,0,0,0,0,0,0,5479,2560,1528,849,2553,1955,1415,1251,1914,1361
"Bacteria;Firmicutes;Clostridia;Clostridiales;Defluviitaleaceae;Defluviitaleaceae_UCG-011",0,0,0,0,0,0,0,0,0,0,0,0,0,44,39,51,60,14,35,16,47,11,12,0,0,0,0,0,0,0,0,3,0,0,0,27,0,0,0,0,0,0,0,0,0,0,0,0,0,0,0,0,0,0,0,0,0,0,0,0,0,0,0,0,0,0,0,0
"Bacteria;Firmicutes;Clostridia;Clostridiales;Eubacteriaceae;Anaerofustis",0,0,0,0,0,0,0,0,0,0,0,0,0,0,0,0,0,0,2,0,0,3,0,0,0,0,0,0,0,0,0,0,0,0,0,0,0,0,0,0,0,0,0,0,0,0,0,0,0,0,0,0,0,0,0,0,0,0,10,0,33,18,15,12,20,14,15,24
"Bacteria;Actinobacteria;Thermoleophilia;Gaiellales;NA;NA",0,0,0,0,0,0,0,0,0,0,0,0,0,0,0,0,0,0,0,0,0,0,0,0,0,0,0,0,0,0,0,0,0,0,0,0,0,0,0,0,2,0,0,0,0,0,0,0,0,0,0,0,0,0,0,0,0,0,0,0,0,0,0,0,0,0,0,0
"Bacteria;Bacteroidetes;Bacteroidia;Bacteroidales;Rikenellaceae;Rikenellaceae_RC9_gut_group",0,0,0,0,0,0,0,0,0,0,0,0,0,0,0,0,0,0,0,0,0,0,0,0,0,0,0,0,0,0,0,0,0,0,0,0,0,0,0,0,3,0,0,0,0,0,0,0,0,0,0,0,0,0,0,0,0,0,0,0,0,0,0,0,0,0,0,0
"Bacteria;Firmicutes;Clostridia;Clostridiales;Lachnospiraceae;A2",230,328,2439,605,1075,1784,388,3626,229,5917,2629,1102,4561,748,475,170,792,574,172,175,123,126,155,2070,14179,6238,2719,1293,206,871,560,716,1976,542,102,506,475,0,0,0,0,0,0,0,0,0,0,0,0,0,0,0,0,0,0,0,0,0,461,400,925,916,1278,393,472,237,230,177
"Bacteria;Spirochaetes;Spirochaetia;Spirochaetales;Spirochaetaceae;Treponema_2",0,0,0,0,0,0,0,0,0,0,0,0,0,0,0,0,0,0,0,0,0,0,0,0,0,0,0,0,0,0,0,0,0,0,0,0,0,0,0,0,0,0,0,0,0,0,0,0,0,0,0,0,3,0,0,0,0,0,0,0,0,0,0,0,0,0,0,0
"Bacteria;Tenericutes;Mollicutes;Mollicutes_RF39;NA;NA",28,98,76,119,51,1039,133,25,14,580,967,390,2100,149,137,250,289,186,247,224,246,123,227,168,0,86,0,201,1080,22,0,53,484,92,60,216,15,0,0,0,0,0,0,0,0,0,0,0,0,0,0,0,0,0,0,0,0,0,190,146,66,17,129,158,145,159,322,113
"Bacteria;Firmicutes;Clostridia;Clostridiales;Lachnospiraceae;UC5-1-2E3",0,0,0,3,0,0,0,0,0,0,0,0,0,0,0,0,0,0,0,0,0,0,0,0,0,0,0,0,0,0,0,0,0,0,0,0,0,0,0,0,0,0,0,0,0,0,0,0,0,0,0,0,0,0,0,0,0,0,2,0,0,0,2,4,4,0,0,0
"Eukaryota;Euglenozoa;NA;NA;NA;NA",0,0,0,0,0,0,0,0,0,0,0,0,0,0,0,0,0,0,0,0,0,0,0,0,0,0,0,0,0,0,0,0,0,0,0,0,0,2,0,0,0,0,6,0,0,0,0,0,0,0,2,0,0,0,0,0,0,0,0,0,0,0,0,0,0,0,0,0
"Bacteria;Firmicutes;Clostridia;Clostridiales;Lachnospiraceae;NA",12679,6557,14430,9252,5950,15099,13652,15068,16951,18413,14674,8838,10473,26712,15047,17666,18640,9947,19124,12533,24337,11039,18731,9696,23832,13653,7231,6726,10340,4672,10633,6027,10562,7922,12649,7218,6365,1067,0,43,15,6,0,0,0,5,0,0,0,0,0,0,0,2,10,0,0,0,26238,18097,25214,17712,14384,19494,24182,16491,15517,16097
"Bacteria;Firmicutes;Clostridia;Clostridiales;Ruminococcaceae;Ruminococcaceae_UCG-010",49,95,54,72,41,16,80,34,21,64,56,56,74,98,98,96,116,89,99,35,216,124,60,63,0,73,47,97,25,71,66,163,48,51,21,72,77,0,0,0,0,0,0,0,0,0,0,0,0,0,0,0,0,0,0,0,0,0,78,105,70,34,112,145,85,101,143,63
"Bacteria;Firmicutes;Clostridia;Clostridiales;Ruminococcaceae;Ruminiclostridium_6",0,0,229,0,36,189,317,1818,12,122,823,0,59,161,11,28,0,0,0,333,263,0,77,261,1029,205,834,87,543,0,632,19,0,31,0,58,305,0,0,0,0,0,0,0,0,0,0,0,0,0,0,0,0,0,0,0,0,0,3345,2725,1813,2107,2195,2032,2591,1606,2878,970
"Bacteria;Firmicutes;Bacilli;Bacillales;Paenibacillaceae;Thermobacillus",0,0,0,0,0,0,0,2,0,0,0,0,0,0,0,0,0,0,0,0,0,0,0,0,0,0,0,0,0,0,0,0,0,0,0,0,0,0,0,0,0,0,0,0,0,0,0,0,0,0,0,0,0,0,0,0,0,0,0,0,0,0,0,0,0,0,0,0
"Bacteria;Firmicutes;Clostridia;Clostridiales;Ruminococcaceae;UBA1819",0,4,0,0,41,27,15,15,0,0,0,0,0,10,19,4,6,3,0,0,0,0,0,0,0,0,0,0,0,0,0,0,0,0,0,0,0,0,0,0,0,0,0,0,0,0,0,0,0,0,0,0,0,0,0,0,0,0,33,170,26,220,347,60,136,43,98,39
"Bacteria;Firmicutes;Clostridia;Clostridiales;Ruminococcaceae;Anaerofilum",0,0,0,0,0,0,0,0,0,0,0,0,0,39,33,0,25,12,0,0,0,0,0,0,0,0,0,0,0,0,0,0,0,0,0,0,0,0,0,0,0,0,0,0,0,0,0,0,0,0,0,0,0,0,0,0,0,0,0,0,0,0,0,0,0,0,0,0
"Bacteria;Actinobacteria;Actinobacteria;Bifidobacteriales;Bifidobacteriaceae;Bifidobacterium",0,0,0,0,0,0,0,0,0,0,0,0,0,0,0,0,0,0,0,0,0,0,0,0,0,0,0,0,0,0,0,0,4,6233,4284,5937,11872,0,0,12,0,0,0,0,0,0,0,0,0,0,0,0,0,0,0,0,0,0,0,0,0,0,0,0,0,0,0,0
"Bacteria;Firmicutes;Clostridia;Clostridiales;Ruminococcaceae;Caproiciproducens",0,0,13,0,9,0,31,0,0,0,0,0,0,0,0,51,0,0,56,71,111,42,123,0,0,0,0,0,27,37,0,64,0,18,46,37,74,0,0,0,0,0,0,0,0,0,0,0,0,0,0,0,0,0,0,0,0,0,0,0,0,0,0,0,0,0,0,0
"Bacteria;Firmicutes;Clostridia;Clostridiales;Lachnospiraceae;Lachnospiraceae_FCS020_group",282,203,316,294,62,483,724,942,163,413,487,581,105,634,438,359,345,167,297,276,929,85,359,156,726,454,111,158,553,172,167,180,240,92,150,91,180,0,0,0,0,0,0,0,0,0,0,0,0,0,0,0,0,0,0,0,0,0,23,82,112,152,81,132,93,115,102,15
"Bacteria;Firmicutes;Clostridia;Clostridiales;Lachnospiraceae;Lachnospiraceae_NC2004_group",0,0,0,0,0,0,2,0,0,0,0,0,0,0,0,0,0,0,0,0,0,0,0,0,0,0,0,0,0,0,0,0,0,0,0,0,0,0,0,0,0,0,0,0,0,0,0,0,0,0,0,0,0,0,0,0,0,0,20,40,40,0,43,46,0,0,90,18
"Bacteria;Firmicutes;Bacilli;Lactobacillales;Leuconostocaceae;Leuconostoc",0,0,0,0,0,0,0,0,0,0,0,0,0,0,0,0,0,0,0,0,0,0,0,2,0,0,0,0,0,0,0,0,0,0,0,0,0,0,0,0,0,0,0,0,0,0,0,0,0,0,0,0,0,0,0,0,0,0,0,0,0,0,0,0,0,0,0,0
"Bacteria;Bacteroidetes;Bacteroidia;Bacteroidales;Rikenellaceae;Alistipes",305,488,467,573,212,247,423,213,0,0,0,0,0,0,0,0,0,0,0,0,0,0,0,0,0,3,0,0,18332,15585,17580,10080,37,5623,11514,16380,7071,0,0,0,0,0,0,0,0,0,0,0,0,0,3,0,0,0,0,0,0,0,877,605,122,182,487,360,243,253,415,301
"Bacteria;Proteobacteria;Gammaproteobacteria;Enterobacteriales;Enterobacteriaceae;NA",0,22,0,0,0,0,0,0,0,0,0,0,0,0,0,0,0,0,0,0,0,0,0,0,0,0,0,0,0,0,0,0,0,0,0,0,0,97,0,0,0,0,10379,3765,17787,264,1082,4020,213,290,35,0,18,0,8,128,0,0,0,0,0,0,0,0,0,0,0,0
"Eukaryota;NA;NA;NA;NA;NA",0,4,4,9,4,20,5,9,3,17,14,11,4,9,11,8,0,7,0,18,10,0,7,21,59,13,7,3,8,4,8,2,16,4,7,5,5,288,33,80,94,58,350,215,171,136,105,100,374,149,260,159,456,335,157,390,0,133,7,7,8,36,9,15,49,6,20,28
"Bacteria;Firmicutes;Clostridia;Clostridiales;Ruminococcaceae;Negativibacillus",0,0,0,0,0,0,0,0,0,0,0,0,0,387,160,165,395,236,47,95,81,61,69,0,0,0,0,0,85,50,0,72,0,131,168,113,104,0,0,0,0,0,0,0,0,0,0,0,0,0,0,0,0,0,0,0,0,0,59,70,27,22,102,59,36,96,35,43
"Bacteria;Bacteroidetes;Bacteroidia;Bacteroidales;Porphyromonadaceae;NA",0,0,0,2,0,0,0,9,0,0,0,0,0,2,0,28,24,0,13,0,0,8,0,0,0,0,0,0,0,0,0,0,0,0,0,0,0,0,0,0,0,0,0,0,0,0,0,0,0,0,0,0,0,0,0,0,0,0,0,4,2,0,17,0,0,0,17,22
"Bacteria;Firmicutes;Clostridia;Clostridiales;Lachnospiraceae;28-4",2,0,0,0,0,0,0,0,0,0,0,0,0,0,0,0,0,0,0,0,0,0,0,6,0,0,0,0,0,0,0,0,14,0,0,0,0,0,0,0,0,0,0,0,0,0,0,0,0,0,0,0,0,0,0,0,0,0,0,0,0,0,0,0,0,0,3,0
"Bacteria;Firmicutes;Erysipelotrichia;Erysipelotrichales;Erysipelotrichaceae;Erysipelothrix",0,0,0,0,0,0,0,0,0,0,0,0,0,0,0,0,0,0,0,0,0,0,0,0,0,0,0,0,0,0,0,0,0,0,0,0,0,0,0,0,0,0,0,0,0,0,0,0,0,0,0,3,0,0,0,0,0,0,0,0,0,0,0,0,0,0,0,0
"Bacteria;Firmicutes;Bacilli;Lactobacillales;Streptococcaceae;Streptococcus",9,17,0,13,15,35,22,69,0,21,0,5,0,0,0,12,9,0,6,0,10,5,10,0,12,5,0,4,10,5,12,0,0,11,0,7,6,4652,2388,7227,6773,4750,4829,3881,5507,3246,3736,4029,2900,1649,2765,3256,1832,1817,953,2575,0,2040,47,26,23,25,25,35,21,59,46,24
"Bacteria;Firmicutes;Negativicutes;Selenomonadales;Veillonellaceae;Veillonella",0,0,0,0,0,0,0,0,0,0,0,0,0,0,0,0,0,0,0,0,0,0,0,0,0,0,0,0,0,0,0,0,0,0,0,0,0,975,99,386,1502,944,0,0,0,0,0,0,0,0,0,0,0,9,0,3,0,0,0,0,0,0,0,0,0,0,0,0
"Bacteria;Cyanobacteria;Melainabacteria;Gastranaerophilales;NA;NA",0,0,0,0,0,0,0,0,0,0,0,0,0,0,0,0,0,0,0,0,0,0,0,0,0,0,0,0,0,0,0,0,0,0,0,0,0,0,0,0,0,0,0,0,0,0,0,0,0,0,0,0,0,0,0,0,0,0,2,0,10,0,0,0,0,0,0,0
"Bacteria;Firmicutes;Clostridia;Clostridiales;Ruminococcaceae;Ruminococcaceae_UCG-005",79,330,16,228,4,52,38,210,41,32,6,192,175,226,142,161,316,99,119,62,166,21,113,184,27,26,93,50,23,34,146,44,44,18,22,0,13,0,0,0,0,0,0,0,0,0,0,0,2,0,0,0,0,0,0,0,0,0,125,430,85,76,51,104,85,69,190,324
"Eukaryota;Euglenozoa;Euglenida;Aphagea;Aphagea_fa;Distigma",0,0,0,0,0,0,0,0,0,0,0,0,0,0,0,0,0,0,0,0,0,0,0,0,0,0,0,0,0,0,0,0,0,0,0,0,0,3,0,0,0,0,0,0,0,0,0,0,0,0,0,0,0,0,0,0,0,0,0,0,0,0,0,0,0,0,0,0
"Bacteria;Firmicutes;Clostridia;Clostridiales;NA;NA",7,0,0,0,0,0,0,5,0,36,0,0,0,0,0,0,15,0,33,0,59,41,54,0,0,0,0,6,2,0,3,3,0,0,8,3,2,0,0,0,0,0,0,0,0,0,0,0,0,0,0,0,0,0,0,0,0,0,378,321,0,251,50,3,9,2,16,0
